Timestamp_UTC,House Name,Town,Player Nick,Gold Amount
2026-10-06 22:04:49,Rathal II c,Ankrahmun,Roxigal,1111112
2026-10-06 22:04:49,Sugar Street 5,Liberty Bay,Rukawi Monk,20000004
2026-10-06 22:04:49,River Homes 2b,Port Hope,Rush Kamikaze,35000001
2026-10-06 17:40:49,Rathal II c,Ankrahmun,Daime Kage,1000000
2026-10-05 16:26:43,Sugar Street 5,Liberty Bay,Kamikaze Algramo,17000000
2026-10-04 22:07:58,Sugar Street 5,Liberty Bay,Kamikaze Algramo,5000001
2026-10-04 18:54:43,Sugar Street 5,Liberty Bay,Roxigal,2000000
2026-10-04 13:29:59,Sugar Street 5,Liberty Bay,Roxigal,1500001
2026-10-04 13:29:59,River Homes 2b,Port Hope,Lord Of Fetchlands,30000002
2026-10-04 02:17:36,Sugar Street 5,Liberty Bay,Roxigal,150000
2026-10-03 22:34:25,River Homes 2b,Port Hope,Lord Of Fetchlands,25000001
2026-10-03 22:34:25,Sugar Street 5,Liberty Bay,Roxigal,1
2026-10-03 12:46:23,River Homes 2b,Port Hope,Ekoo,500001
2026-09-30 03:18:15,The Farms 5,Kazordoon,Diler Michal,45000008
2026-09-28 20:58:13,The Farms 5,Kazordoon,Purple Fingers,40000001
2026-09-28 06:11:12,"Darashia 5, Flat 05",Darashia,Drukkar Tun,85000011
2026-09-28 06:11:12,Esuph II b,Ankrahmun,Karyptos,120000000
2026-09-28 00:11:25,Esuph II b,Ankrahmun,Ivar Bjornulf,62137001
2026-09-27 21:46:17,Esuph II b,Ankrahmun,Blue Smiley,52000004
2026-09-27 21:46:17,Trader's Point 1,Liberty Bay,Witekson,147000006
2026-09-27 18:49:17,"Darashia 5, Flat 05",Darashia,Monty Paladin,80000020
2026-09-27 18:49:17,Esuph II b,Ankrahmun,Naatusia,25000001
2026-09-27 18:49:17,Trader's Point 1,Liberty Bay,Mana Nie Styka,80000003
2026-09-27 13:20:41,"Darashia 5, Flat 05",Darashia,Monty Paladin,70000015
2026-09-27 13:20:41,Esuph II b,Ankrahmun,Naatusia,16000001
2026-09-27 08:48:00,"Darashia 5, Flat 05",Darashia,Monty Paladin,15000009
2026-09-27 02:51:58,Trader's Point 1,Liberty Bay,Drukkar Tun,51000014
2026-09-26 23:17:30,"Darashia 5, Flat 05",Darashia,Mana Nie Styka,15000001
2026-09-26 20:27:39,Esuph II b,Ankrahmun,Mythrion,12500004
2026-09-26 20:27:39,"Darashia 5, Flat 05",Darashia,Comrade Wraith,14000005
2026-09-26 17:32:01,"Darashia 5, Flat 05",Darashia,Mana Nie Styka,10000001
2026-09-26 08:11:22,Trader's Point 1,Liberty Bay,Drukkar Tun,50000013
2026-09-25 23:45:42,Trader's Point 1,Liberty Bay,Tynusiiaa,50000001
2026-09-25 17:40:41,Trader's Point 1,Liberty Bay,Drukkar Tun,30000008
2026-09-25 06:55:32,The Tavern 2a,Liberty Bay,Kuzimura,290000000
2026-09-25 01:03:34,The Tavern 2a,Liberty Bay,Kuzimura,255000000
2026-09-24 22:53:04,Trader's Point 1,Liberty Bay,Tynusiiaa,30000001
2026-09-24 12:55:42,The Tavern 2a,Liberty Bay,Kuzimura,245000000
2026-09-24 10:51:16,"Darashia 5, Flat 05",Darashia,Comrade Wraith,10000000
2026-09-24 10:51:16,The Tavern 2a,Liberty Bay,Kuzimura,212000000
2026-09-24 10:51:16,"Magic Academy, Flat 4",Edron,Fidde Thainheart,50000000
2026-09-24 10:51:16,Esuph II b,Ankrahmun,Mythrion,10000000
2026-09-24 10:51:16,The Farms 5,Kazordoon,The First Monk,20000000
2026-09-23 21:55:25,Esuph II b,Ankrahmun,Mythrion,7000000
2026-09-23 21:55:25,The Tavern 2a,Liberty Bay,Kuzimura,210000000
2026-09-23 21:55:25,"Darashia 5, Flat 05",Darashia,Comrade Wraith,8000000
2026-09-23 18:06:47,The Tavern 2a,Liberty Bay,Kuzimura,201000000
2026-09-23 13:11:02,Esuph II b,Ankrahmun,Mythrion,5000001
2026-09-23 07:59:04,"Magic Academy, Flat 4",Edron,Fidde Thainheart,30000001
2026-09-23 07:04:45,The Tavern 2a,Liberty Bay,Reborn,40000102
2026-09-22 22:35:15,Trader's Point 1,Liberty Bay,Witekson,20000005
2026-09-22 22:35:15,The Tavern 2a,Liberty Bay,Kuzimura,30000000
